matchid,batsmanname,total_runs,duck,Sixes,Fours,balls,Fifties,hundreds,runs,dreamll_score
1254058,AB de Villiers,48,0,2.0,4.0,27,0,0,20.0,28.0
1254058,CA Lynn,50,0,3.0,4.0,35,1,0,16.0,34.0
1254058,Dan Christian,1,0,0.0,0.0,3,0,0,0.0,0.0
1254058,GJ Maxwell,41,0,2.0,3.0,29,0,0,17.0,24.0
1254058,HH Pandya,13,0,0.0,2.0,10,0,0,0.0,2.0
1254058,HV Patel,4,0,0.0,0.0,3,0,0,0.0,0.0
1254058,Ishan Kishan,29,0,1.0,2.0,20,0,0,15.0,19.0
1254058,JJ Bumrah,1,0,0.0,0.0,2,0,0,0.0,0.0
1254058,KA Pollard,7,0,0.0,1.0,9,0,0,0.0,1.0
1254058,KH Pandya,8,0,0.0,0.0,7,0,0,0.0,0.0
1254058,Kyle Jamieson,4,0,0.0,0.0,4,0,0,0.0,0.0
1254058,M Siraj,1,0,0.0,0.0,1,0,0,0.0,0.0
1254058,Marco Jansen,0,1,0.0,0.0,2,0,0,0.0,-2.0
1254058,RG Sharma,19,0,1.0,1.0,15,0,0,9.0,12.0
1254058,Rajat Patidar,9,0,0.0,1.0,8,0,0,0.0,1.0
1254058,S Ahmed,2,0,0.0,0.0,3,0,0,0.0,0.0
1254058,SA Yadav,32,0,1.0,4.0,23,0,0,10.0,16.0
1254058,V Kohli,34,0,0.0,4.0,29,0,0,0.0,4.0
1254058,Washington Sundar,16,0,0.0,0.0,15,0,0,0.0,0.0
1254059,AS Raut,7,0,0.0,1.0,9,0,0,0.0,1.0
1254059,AT Rayudu,28,0,1.0,2.0,16,0,0,14.0,18.0
1254059,F du Plessis,0,1,0.0,0.0,3,0,0,0.0,-2.0
1254059,MM Ali,36,0,2.0,4.0,24,0,0,8.0,16.0
1254059,MP Stoinis,15,0,0.0,3.0,9,0,0,0.0,3.0
1254059,MS Dhoni,0,1,0.0,0.0,2,0,0,0.0,-2.0
1254059,PP Shaw,72,0,3.0,9.0,38,1,0,18.0,41.0
1254059,RA Jadeja,27,0,0.0,3.0,17,0,0,0.0,3.0
1254059,RR Pant,16,0,0.0,2.0,13,0,0,0.0,2.0
1254059,S Dhawan,87,0,2.0,10.0,54,1,0,35.0,57.0
1254059,SM Curran,35,0,2.0,4.0,16,0,0,7.0,15.0
1254059,Suresh Raina,55,0,4.0,3.0,36,1,0,19.0,38.0
1254060,A Samad,19,0,2.0,0.0,8,0,0,0.0,4.0
1254060,AD Russell,10,0,0.0,1.0,6,0,0,0.0,1.0
1254060,DA Warner,3,0,0.0,0.0,4,0,0,0.0,0.0
1254060,EJG Morgan,2,0,0.0,0.0,3,0,0,0.0,0.0
1254060,JM Bairstow,56,0,3.0,5.0,41,1,0,18.0,37.0
1254060,KD Karthik,23,0,1.0,2.0,9,0,0,9.0,13.0
1254060,M Nabi,17,0,0.0,2.0,11,0,0,0.0,2.0
1254060,MK Pandey,63,0,3.0,2.0,46,1,0,37.0,53.0
1254060,N Rana,80,0,4.0,9.0,56,1,0,20.0,45.0
1254060,RA Tripathi,53,0,2.0,5.0,29,1,0,21.0,38.0
1254060,Shakib Al Hasan,4,0,0.0,0.0,6,0,0,0.0,0.0
1254060,Shubman Gill,15,0,1.0,1.0,13,0,0,5.0,8.0
1254060,V Shankar,12,0,1.0,0.0,7,0,0,0.0,2.0
1254060,WP Saha,7,0,1.0,0.0,6,0,0,0.0,2.0
1254061,BA Stokes,0,1,0.0,0.0,3,0,0,0.0,-2.0
1254061,CH Gayle,41,0,2.0,4.0,29,0,0,13.0,21.0
1254061,CH Morris,2,0,0.0,0.0,4,0,0,0.0,0.0
1254061,DJ Hooda,65,0,6.0,3.0,27,1,0,17.0,40.0
1254061,JC Buttler,26,0,0.0,5.0,13,0,0,0.0,5.0
1254061,Jhye Richardson,0,1,0.0,0.0,2,0,0,0.0,-2.0
1254061,KL Rahul,94,0,5.0,7.0,50,1,0,36.0,61.0
1254061,M Vohra,13,0,1.0,1.0,9,0,0,3.0,6.0
1254061,MA Agarwal,15,0,0.0,2.0,10,0,0,0.0,2.0
1254061,N Pooran,0,1,0.0,0.0,1,0,0,0.0,-2.0
1254061,R Parag,26,0,3.0,1.0,12,0,0,4.0,11.0
1254061,R Tewatia,3,0,0.0,0.0,4,0,0,0.0,0.0
1254061,S Dube,23,0,0.0,3.0,15,0,0,0.0,3.0
1254061,SV Samson,124,0,7.0,12.0,64,1,1,34.0,84.0
1254061,Shahrukh Khan,6,0,0.0,1.0,4,0,0,0.0,1.0
1254062,AD Russell,10,0,0.0,1.0,14,0,0,0.0,1.0
1254062,EJG Morgan,7,0,0.0,1.0,7,0,0,0.0,1.0
1254062,HH Pandya,15,0,0.0,2.0,17,0,0,0.0,2.0
1254062,Harbhajan Singh,2,0,0.0,0.0,2,0,0,0.0,0.0
1254062,Ishan Kishan,1,0,0.0,0.0,3,0,0,0.0,0.0
1254062,JJ Bumrah,0,1,0.0,0.0,1,0,0,0.0,-2.0
1254062,KA Pollard,5,0,0.0,1.0,8,0,0,0.0,1.0
1254062,KD Karthik,8,0,0.0,0.0,11,0,0,0.0,0.0
1254062,KH Pandya,19,0,0.0,4.0,9,0,0,0.0,4.0
1254062,Marco Jansen,1,0,0.0,0.0,2,0,0,0.0,0.0
1254062,N Rana,64,0,2.0,7.0,48,1,0,24.0,43.0
1254062,PJ Cummins,0,1,0.0,0.0,1,0,0,0.0,-2.0
1254062,Q de Kock,2,0,0.0,0.0,6,0,0,0.0,0.0
1254062,RA Tripathi,5,0,0.0,0.0,5,0,0,0.0,0.0
1254062,RD Chahar,8,0,0.0,0.0,7,0,0,0.0,0.0
1254062,RG Sharma,43,0,1.0,3.0,32,0,0,25.0,30.0
1254062,SA Yadav,58,0,2.0,7.0,37,1,0,18.0,37.0
1254062,Shakib Al Hasan,13,0,0.0,2.0,9,0,0,0.0,2.0
1254062,Shubman Gill,33,0,1.0,5.0,24,0,0,7.0,14.0
1254063,A Samad,0,1,0.0,0.0,2,0,0,0.0,-2.0
1254063,AB de Villiers,1,0,0.0,0.0,5,0,0,0.0,0.0
1254063,DA Warner,56,0,1.0,7.0,39,1,0,22.0,39.0
1254063,Dan Christian,1,0,0.0,0.0,2,0,0,0.0,0.0
1254063,Devdutt Padikkal,13,0,0.0,2.0,13,0,0,0.0,2.0
1254063,GJ Maxwell,64,0,3.0,5.0,42,1,0,26.0,45.0
1254063,JM Bairstow,14,0,0.0,1.0,13,0,0,0.0,1.0
1254063,JO Holder,5,0,0.0,0.0,5,0,0,0.0,0.0
1254063,Kyle Jamieson,13,0,0.0,2.0,9,0,0,0.0,2.0
1254063,MK Pandey,40,0,2.0,2.0,39,0,0,20.0,26.0
1254063,P Kumar,2,0,0.0,0.0,2,0,0,0.0,0.0
1254063,Rashid Khan,18,0,1.0,0.0,8,0,0,0.0,2.0
1254063,S Ahmed,15,0,1.0,0.0,10,0,0,0.0,2.0
1254063,S Nadeem,0,1,0.0,0.0,1,0,0,0.0,-2.0
1254063,V Kohli,34,0,0.0,4.0,29,0,0,0.0,4.0
1254063,V Shankar,3,0,0.0,0.0,5,0,0,0.0,0.0
1254063,WP Saha,5,0,0.0,1.0,9,0,0,0.0,1.0
1254063,Washington Sundar,8,0,0.0,1.0,11,0,0,0.0,1.0
1254064,AM Rahane,10,0,0.0,1.0,9,0,0,0.0,1.0
1254064,CH Morris,36,0,4.0,0.0,18,0,0,0.0,8.0
1254064,Chris Woakes,15,0,0.0,2.0,11,0,0,0.0,2.0
1254064,DA Miller,62,0,2.0,7.0,43,1,0,22.0,41.0
1254064,JC Buttler,3,0,0.0,0.0,7,0,0,0.0,0.0
1254064,JD Unadkat,11,0,1.0,0.0,7,0,0,0.0,2.0
1254064,K Rabada,9,0,0.0,1.0,4,0,0,0.0,1.0
1254064,L Yadav,21,0,0.0,3.0,25,0,0,0.0,3.0
1254064,M Vohra,10,0,0.0,2.0,11,0,0,0.0,2.0
1254064,MP Stoinis,0,1,0.0,0.0,5,0,0,0.0,-2.0
1254064,PP Shaw,2,0,0.0,0.0,5,0,0,0.0,0.0
1254064,R Ashwin,8,0,0.0,1.0,4,0,0,0.0,1.0
1254064,R Parag,2,0,0.0,0.0,5,0,0,0.0,0.0
1254064,R Tewatia,20,0,0.0,2.0,18,0,0,0.0,2.0
1254064,RR Pant,52,0,0.0,9.0,32,1,0,0.0,17.0
1254064,S Dhawan,9,0,0.0,1.0,11,0,0,0.0,1.0
1254064,S Dube,2,0,0.0,0.0,7,0,0,0.0,0.0
1254064,SV Samson,4,0,0.0,1.0,3,0,0,0.0,1.0
1254064,TK Curran,21,0,0.0,2.0,16,0,0,0.0,2.0
1254065,AS Raut,5,0,0.0,0.0,16,0,0,0.0,0.0
1254065,AT Rayudu,0,1,0.0,0.0,1,0,0,0.0,-2.0
1254065,CH Gayle,10,0,0.0,2.0,10,0,0,0.0,2.0
1254065,DJ Hooda,11,0,0.0,1.0,16,0,0,0.0,1.0
1254065,F du Plessis,41,0,1.0,5.0,33,0,0,15.0,22.0
1254065,Jhye Richardson,16,0,0.0,2.0,23,0,0,0.0,2.0
1254065,KL Rahul,5,0,0.0,1.0,7,0,0,0.0,1.0
1254065,M Ashwin,6,0,0.0,0.0,14,0,0,0.0,0.0
1254065,MA Agarwal,0,1,0.0,0.0,2,0,0,0.0,-2.0
1254065,MM Ali,47,0,1.0,7.0,32,0,0,13.0,22.0
1254065,Mohammed Shami,9,0,0.0,0.0,12,0,0,0.0,0.0
1254065,N Pooran,0,1,0.0,0.0,2,0,0,0.0,-2.0
1254065,SM Curran,5,0,0.0,1.0,4,0,0,0.0,1.0
1254065,Shahrukh Khan,49,0,2.0,4.0,38,0,0,21.0,29.0
1254065,Suresh Raina,9,0,0.0,1.0,10,0,0,0.0,1.0
1254066,A Samad,7,0,0.0,1.0,8,0,0,0.0,1.0
1254066,Abhishek Sharma,2,0,0.0,0.0,4,0,0,0.0,0.0
1254066,DA Warner,38,0,2.0,2.0,34,0,0,18.0,24.0
1254066,HH Pandya,8,0,0.0,1.0,6,0,0,0.0,1.0
1254066,Ishan Kishan,13,0,0.0,0.0,21,0,0,0.0,0.0
1254066,JM Bairstow,44,0,4.0,3.0,22,0,0,8.0,19.0
1254066,KA Pollard,37,0,3.0,1.0,22,0,0,15.0,22.0
1254066,KH Pandya,3,0,0.0,0.0,3,0,0,0.0,0.0
1254066,KK Ahmed,1,0,0.0,0.0,2,0,0,0.0,0.0
1254066,MK Pandey,2,0,0.0,0.0,7,0,0,0.0,0.0
1254066,Mujeeb Ur Rahman,1,0,0.0,0.0,1,0,0,0.0,0.0
1254066,P Kumar,1,0,0.0,0.0,2,0,0,0.0,0.0
1254066,Q de Kock,42,0,0.0,5.0,39,0,0,0.0,5.0
1254066,RG Sharma,37,0,2.0,3.0,25,0,0,13.0,20.0
1254066,Rashid Khan,0,1,0.0,0.0,1,0,0,0.0,-2.0
1254066,SA Yadav,10,0,1.0,1.0,6,0,0,0.0,3.0
1254066,V Pratap Singh,11,0,0.0,1.0,12,0,0,0.0,1.0
1254066,V Shankar,30,0,2.0,0.0,25,0,0,0.0,4.0
1254067,AB de Villiers,78,0,3.0,9.0,34,1,0,24.0,47.0
1254067,AD Russell,32,0,2.0,3.0,20,0,0,8.0,15.0
1254067,Devdutt Padikkal,27,0,0.0,2.0,28,0,0,0.0,2.0
1254067,EJG Morgan,31,0,2.0,1.0,24,0,0,15.0,20.0
1254067,GJ Maxwell,81,0,3.0,9.0,50,1,0,27.0,50.0
1254067,Harbhajan Singh,2,0,0.0,0.0,2,0,0,0.0,0.0
1254067,KD Karthik,2,0,0.0,0.0,5,0,0,0.0,0.0
1254067,Kyle Jamieson,11,0,1.0,1.0,4,0,0,1.0,4.0
1254067,N Rana,18,0,1.0,2.0,11,0,0,4.0,8.0
1254067,PJ Cummins,6,0,1.0,0.0,2,0,0,0.0,2.0
1254067,RA Tripathi,25,0,0.0,5.0,20,0,0,0.0,5.0
1254067,Rajat Patidar,1,0,0.0,0.0,2,0,0,0.0,0.0
1254067,Shakib Al Hasan,26,0,1.0,1.0,25,0,0,16.0,19.0
1254067,Shubman Gill,22,0,2.0,2.0,10,0,0,2.0,8.0
1254067,V Kohli,6,0,0.0,1.0,5,0,0,0.0,1.0
1254067,Varun Chakravarthy,2,0,0.0,0.0,3,0,0,0.0,0.0
1254068,CH Gayle,11,0,1.0,0.0,9,0,0,0.0,2.0
1254068,DJ Hooda,24,0,2.0,0.0,13,0,0,0.0,4.0
1254068,KL Rahul,65,0,2.0,8.0,51,1,0,21.0,41.0
1254068,L Yadav,13,0,0.0,1.0,6,0,0,0.0,1.0
1254068,MA Agarwal,71,0,4.0,6.0,35,1,0,23.0,45.0
1254068,MP Stoinis,28,0,1.0,3.0,12,0,0,10.0,15.0
1254068,N Pooran,9,0,0.0,1.0,8,0,0,0.0,1.0
1254068,PP Shaw,32,0,2.0,3.0,17,0,0,8.0,15.0
1254068,RR Pant,17,0,1.0,0.0,16,0,0,0.0,2.0
1254068,S Dhawan,98,0,2.0,13.0,49,1,0,34.0,59.0
1254068,SPD Smith,10,0,0.0,0.0,12,0,0,0.0,0.0
1254068,Shahrukh Khan,15,0,1.0,2.0,5,0,0,1.0,5.0
1254069,AS Raut,10,0,0.0,1.0,13,0,0,0.0,1.0
1254069,AT Rayudu,29,0,3.0,0.0,17,0,0,0.0,6.0
1254069,CH Morris,0,1,0.0,0.0,2,0,0,0.0,-2.0
1254069,DA Miller,3,0,0.0,0.0,5,0,0,0.0,0.0
1254069,DJ Bravo,22,0,1.0,2.0,8,0,0,8.0,12.0
1254069,F du Plessis,33,0,2.0,4.0,17,0,0,5.0,13.0
1254069,JC Buttler,52,0,1.0,5.0,35,1,0,26.0,41.0
1254069,JD Unadkat,28,0,1.0,2.0,18,0,0,14.0,18.0
1254069,M Vohra,14,0,1.0,1.0,11,0,0,4.0,7.0
1254069,MM Ali,32,0,2.0,2.0,21,0,0,12.0,18.0
1254069,MS Dhoni,18,0,0.0,2.0,17,0,0,0.0,2.0
1254069,Mustafizur Rahman,0,1,0.0,0.0,4,0,0,0.0,-2.0
1254069,R Parag,3,0,0.0,0.0,7,0,0,0.0,0.0
1254069,R Tewatia,21,0,2.0,0.0,15,0,0,0.0,4.0
1254069,RA Jadeja,9,0,0.0,1.0,7,0,0,0.0,1.0
1254069,S Dube,21,0,0.0,2.0,22,0,0,0.0,2.0
1254069,SM Curran,13,0,1.0,0.0,6,0,0,0.0,2.0
1254069,SN Thakur,2,0,0.0,0.0,1,0,0,0.0,0.0
1254069,SV Samson,1,0,0.0,0.0,5,0,0,0.0,0.0
1254069,Suresh Raina,20,0,1.0,1.0,17,0,0,10.0,13.0
1254070,AS Yadav,23,0,0.0,1.0,22,0,0,0.0,1.0
1254070,HH Pandya,0,1,0.0,0.0,1,0,0,0.0,-2.0
1254070,Ishan Kishan,26,0,1.0,1.0,28,0,0,16.0,19.0
1254070,JJ Bumrah,3,0,0.0,0.0,3,0,0,0.0,0.0
1254070,KA Pollard,2,0,0.0,0.0,5,0,0,0.0,0.0
1254070,KH Pandya,1,0,0.0,0.0,5,0,0,0.0,0.0
1254070,L Yadav,26,0,0.0,1.0,26,0,0,0.0,1.0
1254070,PP Shaw,7,0,0.0,1.0,5,0,0,0.0,1.0
1254070,Q de Kock,3,0,0.0,0.0,4,0,0,0.0,0.0
1254070,RD Chahar,6,0,0.0,1.0,6,0,0,0.0,1.0
1254070,RG Sharma,48,0,3.0,4.0,30,0,0,14.0,24.0
1254070,RR Pant,8,0,0.0,1.0,9,0,0,0.0,1.0
1254070,S Dhawan,47,0,1.0,5.0,42,0,0,21.0,28.0
1254070,SA Yadav,24,0,0.0,4.0,15,0,0,0.0,4.0
1254070,SO Hetmyer,15,0,0.0,2.0,8,0,0,0.0,2.0
1254070,SPD Smith,35,0,0.0,4.0,29,0,0,0.0,4.0
1254070,TA Boult,1,0,0.0,0.0,1,0,0,0.0,0.0
1254071,Arshdeep Singh,5,0,0.0,1.0,2,0,0,0.0,1.0
1254071,CH Gayle,15,0,0.0,2.0,17,0,0,0.0,2.0
1254071,DA Warner,40,0,1.0,3.0,38,0,0,22.0,27.0
1254071,DJ Hooda,13,0,0.0,2.0,11,0,0,0.0,2.0
1254071,F Allen,7,0,0.0,0.0,10,0,0,0.0,0.0
1254071,JM Bairstow,64,0,3.0,3.0,57,1,0,34.0,51.0
1254071,KL Rahul,4,0,0.0,0.0,6,0,0,0.0,0.0
1254071,KS Williamson,17,0,0.0,0.0,20,0,0,0.0,0.0
1254071,M Ashwin,9,0,0.0,1.0,10,0,0,0.0,1.0
1254071,MA Agarwal,22,0,0.0,2.0,25,0,0,0.0,2.0
1254071,Mohammed Shami,3,0,0.0,0.0,3,0,0,0.0,0.0
1254071,Moises Henriques,18,0,0.0,1.0,17,0,0,0.0,1.0
1254071,Shahrukh Khan,24,0,2.0,0.0,18,0,0,0.0,4.0
1254072,AD Russell,57,0,6.0,3.0,21,1,0,9.0,32.0
1254072,AS Raut,66,0,4.0,6.0,40,1,0,18.0,40.0
1254072,EJG Morgan,8,0,0.0,1.0,8,0,0,0.0,1.0
1254072,F du Plessis,99,0,4.0,9.0,61,1,0,39.0,64.0
1254072,KD Karthik,40,0,2.0,4.0,24,0,0,12.0,20.0
1254072,Kamlesh Nagarkoti,0,1,0.0,0.0,2,0,0,0.0,-2.0
1254072,M Prasidh Krishna,0,1,0.0,0.0,1,0,0,0.0,-2.0
1254072,MM Ali,30,0,2.0,2.0,13,0,0,10.0,16.0
1254072,MS Dhoni,19,0,1.0,2.0,9,0,0,5.0,9.0
1254072,N Rana,11,0,0.0,2.0,12,0,0,0.0,2.0
1254072,PJ Cummins,74,0,6.0,5.0,34,1,0,18.0,43.0
1254072,RA Jadeja,6,0,1.0,0.0,1,0,0,0.0,2.0
1254072,RA Tripathi,8,0,0.0,1.0,9,0,0,0.0,1.0
1254072,SP Narine,4,0,0.0,1.0,3,0,0,0.0,1.0
1254072,Shubman Gill,0,1,0.0,0.0,1,0,0,0.0,-2.0
1254072,Varun Chakravarthy,0,1,0.0,0.0,1,0,0,0.0,-2.0
1254073,CH Morris,13,0,1.0,0.0,9,0,0,0.0,2.0
1254073,Chetan Sakariya,0,1,0.0,0.0,1,0,0,0.0,-2.0
1254073,DA Miller,0,1,0.0,0.0,2,0,0,0.0,-2.0
1254073,Devdutt Padikkal,109,0,6.0,11.0,54,1,1,29.0,76.0
1254073,JC Buttler,8,0,0.0,2.0,8,0,0,0.0,2.0
1254073,M Vohra,7,0,0.0,1.0,9,0,0,0.0,1.0
1254073,R Parag,25,0,0.0,4.0,16,0,0,0.0,4.0
1254073,R Tewatia,42,0,2.0,4.0,23,0,0,14.0,22.0
1254073,S Dube,53,0,2.0,6.0,32,1,0,17.0,35.0
1254073,S Gopal,7,0,1.0,0.0,4,0,0,0.0,2.0
1254073,SV Samson,22,0,1.0,2.0,18,0,0,8.0,12.0
1254073,V Kohli,72,0,3.0,6.0,47,1,0,30.0,50.0
1254074,CH Gayle,46,0,2.0,5.0,36,0,0,14.0,23.0
1254074,HH Pandya,2,0,0.0,0.0,4,0,0,0.0,0.0
1254074,Ishan Kishan,6,0,0.0,0.0,17,0,0,0.0,0.0
1254074,KA Pollard,20,0,1.0,1.0,12,0,0,10.0,13.0
1254074,KH Pandya,3,0,0.0,0.0,3,0,0,0.0,0.0
1254074,KL Rahul,60,0,3.0,3.0,52,1,0,30.0,47.0
1254074,MA Agarwal,26,0,1.0,3.0,19,0,0,8.0,13.0
1254074,Q de Kock,3,0,0.0,0.0,5,0,0,0.0,0.0
1254074,RG Sharma,63,0,2.0,5.0,52,1,0,31.0,48.0
1254074,SA Yadav,34,0,1.0,3.0,28,0,0,16.0,21.0
1254075,AD Russell,13,0,1.0,0.0,8,0,0,0.0,2.0
1254075,DA Miller,26,0,0.0,3.0,24,0,0,0.0,3.0
1254075,JC Buttler,7,0,0.0,1.0,7,0,0,0.0,1.0
1254075,KD Karthik,26,0,0.0,4.0,24,0,0,0.0,4.0
1254075,N Rana,24,0,1.0,1.0,26,0,0,14.0,17.0
1254075,PJ Cummins,11,0,1.0,0.0,6,0,0,0.0,2.0
1254075,R Tewatia,6,0,0.0,0.0,8,0,0,0.0,0.0
1254075,RA Tripathi,37,0,2.0,1.0,26,0,0,21.0,26.0
1254075,S Dube,23,0,1.0,2.0,19,0,0,9.0,13.0
1254075,SP Narine,6,0,0.0,1.0,7,0,0,0.0,1.0
1254075,SV Samson,50,0,1.0,2.0,42,1,0,36.0,48.0
1254075,Shivam Mavi,5,0,0.0,1.0,7,0,0,0.0,1.0
1254075,Shubman Gill,11,0,0.0,1.0,19,0,0,0.0,1.0
1254075,Yashasvi Jaiswal,22,0,0.0,5.0,17,0,0,0.0,5.0
1254076,AB de Villiers,4,0,0.0,0.0,9,0,0,0.0,0.0
1254076,AS Raut,35,0,1.0,4.0,26,0,0,13.0,19.0
1254076,AT Rayudu,14,0,1.0,1.0,7,0,0,4.0,7.0
1254076,Dan Christian,1,0,0.0,0.0,3,0,0,0.0,0.0
1254076,Devdutt Padikkal,36,0,2.0,4.0,16,0,0,8.0,16.0
1254076,F du Plessis,51,0,1.0,5.0,42,1,0,25.0,40.0
1254076,GJ Maxwell,22,0,0.0,3.0,15,0,0,0.0,3.0
1254076,HV Patel,1,0,0.0,0.0,8,0,0,0.0,0.0
1254076,Kyle Jamieson,16,0,1.0,1.0,13,0,0,6.0,9.0
1254076,M Siraj,12,0,1.0,0.0,14,0,0,0.0,2.0
1254076,MS Dhoni,2,0,0.0,0.0,3,0,0,0.0,0.0
1254076,NA Saini,3,0,0.0,0.0,5,0,0,0.0,0.0
1254076,RA Jadeja,64,0,4.0,4.0,28,1,0,24.0,44.0
1254076,Suresh Raina,25,0,3.0,1.0,18,0,0,3.0,10.0
1254076,V Kohli,10,0,0.0,1.0,8,0,0,0.0,1.0
1254076,Washington Sundar,9,0,0.0,1.0,11,0,0,0.0,1.0
1254076,YS Chahal,8,0,0.0,0.0,21,0,0,0.0,0.0
1254077,Abhishek Sharma,6,0,0.0,0.0,6,0,0,0.0,0.0
1254077,DA Warner,6,0,0.0,0.0,8,0,0,0.0,0.0
1254077,J Suchith,16,0,1.0,2.0,6,0,0,2.0,6.0
1254077,JM Bairstow,38,0,4.0,3.0,18,0,0,2.0,13.0
1254077,KM Jadhav,10,0,0.0,1.0,10,0,0,0.0,1.0
1254077,KS Williamson,70,0,0.0,8.0,53,1,0,0.0,16.0
1254077,MP Stoinis,2,0,0.0,0.0,2,0,0,0.0,0.0
1254077,PP Shaw,54,0,1.0,7.0,39,1,0,20.0,37.0
1254077,RR Pant,38,0,1.0,4.0,27,0,0,16.0,22.0
1254077,Rashid Khan,0,1,0.0,0.0,1,0,0,0.0,-2.0
1254077,S Dhawan,29,0,0.0,3.0,26,0,0,0.0,3.0
1254077,SO Hetmyer,1,0,0.0,0.0,2,0,0,0.0,0.0
1254077,SPD Smith,35,0,1.0,3.0,25,0,0,17.0,22.0
1254077,V Pratap Singh,5,0,0.0,0.0,14,0,0,0.0,0.0
1254077,V Shankar,8,0,0.0,0.0,7,0,0,0.0,0.0
1254078,AD Russell,10,0,0.0,2.0,9,0,0,0.0,2.0
1254078,Arshdeep Singh,1,0,0.0,0.0,1,0,0,0.0,0.0
1254078,CH Gayle,0,1,0.0,0.0,1,0,0,0.0,-2.0
1254078,CJ Jordan,30,0,3.0,1.0,18,0,0,8.0,15.0
1254078,DJ Hooda,2,0,0.0,0.0,5,0,0,0.0,0.0
1254078,EJG Morgan,47,0,2.0,4.0,40,0,0,19.0,27.0
1254078,KD Karthik,12,0,0.0,2.0,6,0,0,0.0,2.0
1254078,KL Rahul,19,0,1.0,2.0,20,0,0,5.0,9.0
1254078,MA Agarwal,34,0,2.0,1.0,35,0,0,18.0,23.0
1254078,Mohammed Shami,1,0,0.0,0.0,2,0,0,0.0,0.0
1254078,Moises Henriques,2,0,0.0,0.0,3,0,0,0.0,0.0
1254078,N Pooran,19,0,1.0,1.0,19,0,0,9.0,12.0
1254078,N Rana,0,1,0.0,0.0,1,0,0,0.0,-2.0
1254078,R Bishnoi,2,0,0.0,0.0,4,0,0,0.0,0.0
1254078,RA Tripathi,46,0,0.0,8.0,32,0,0,0.0,8.0
1254078,SP Narine,2,0,0.0,0.0,5,0,0,0.0,0.0
1254078,Shahrukh Khan,13,0,1.0,0.0,14,0,0,0.0,2.0
1254078,Shubman Gill,9,0,0.0,2.0,8,0,0,0.0,2.0
1254079,AB de Villiers,76,0,5.0,3.0,43,1,0,34.0,55.0
1254079,D Sams,3,0,0.0,0.0,2,0,0,0.0,0.0
1254079,Devdutt Padikkal,17,0,0.0,3.0,14,0,0,0.0,3.0
1254079,GJ Maxwell,25,0,2.0,1.0,20,0,0,9.0,14.0
1254079,MP Stoinis,22,0,0.0,3.0,17,0,0,0.0,3.0
1254079,PP Shaw,25,0,0.0,4.0,18,0,0,0.0,4.0
1254079,RR Pant,60,0,0.0,6.0,48,1,0,0.0,14.0
1254079,Rajat Patidar,31,0,2.0,0.0,22,0,0,0.0,4.0
1254079,S Dhawan,6,0,0.0,1.0,7,0,0,0.0,1.0
1254079,SO Hetmyer,53,0,4.0,2.0,25,1,0,21.0,39.0
1254079,SPD Smith,4,0,0.0,1.0,5,0,0,0.0,1.0
1254079,V Kohli,13,0,0.0,2.0,11,0,0,0.0,2.0
1254079,Washington Sundar,6,0,0.0,0.0,9,0,0,0.0,0.0
1254080,AS Raut,76,0,0.0,12.0,45,1,0,0.0,20.0
1254080,DA Warner,61,0,2.0,3.0,57,1,0,37.0,52.0
1254080,F du Plessis,56,0,1.0,6.0,38,1,0,26.0,42.0
1254080,JM Bairstow,8,0,0.0,1.0,6,0,0,0.0,1.0
1254080,KM Jadhav,12,0,1.0,1.0,4,0,0,2.0,5.0
1254080,KS Williamson,26,0,1.0,4.0,10,0,0,4.0,10.0
1254080,MK Pandey,64,0,1.0,5.0,46,1,0,38.0,53.0
1254080,MM Ali,16,0,0.0,3.0,9,0,0,0.0,3.0
1254080,RA Jadeja,8,0,0.0,1.0,6,0,0,0.0,1.0
1254080,Suresh Raina,17,0,0.0,3.0,15,0,0,0.0,3.0
1254081,DA Miller,7,0,0.0,1.0,4,0,0,0.0,1.0
1254081,JC Buttler,43,0,3.0,3.0,32,0,0,13.0,22.0
1254081,KA Pollard,20,0,1.0,3.0,8,0,0,2.0,7.0
1254081,KH Pandya,41,0,2.0,2.0,27,0,0,21.0,27.0
1254081,Q de Kock,80,0,2.0,8.0,50,1,0,36.0,56.0
1254081,R Parag,9,0,0.0,1.0,6,0,0,0.0,1.0
1254081,RG Sharma,15,0,1.0,0.0,17,0,0,0.0,2.0
1254081,S Dube,37,0,2.0,2.0,31,0,0,17.0,23.0
1254081,SA Yadav,16,0,0.0,3.0,10,0,0,0.0,3.0
1254081,SV Samson,43,0,0.0,5.0,28,0,0,0.0,5.0
1254081,Yashasvi Jaiswal,32,0,2.0,2.0,20,0,0,12.0,18.0
1254082,AD Russell,45,0,4.0,2.0,27,0,0,13.0,23.0
1254082,EJG Morgan,1,0,0.0,0.0,2,0,0,0.0,0.0
1254082,KD Karthik,14,0,1.0,1.0,10,0,0,4.0,7.0
1254082,MP Stoinis,6,0,0.0,1.0,3,0,0,0.0,1.0
1254082,N Rana,15,0,1.0,1.0,12,0,0,5.0,8.0
1254082,PJ Cummins,16,0,0.0,2.0,14,0,0,0.0,2.0
1254082,PP Shaw,86,0,3.0,11.0,42,1,0,24.0,49.0
1254082,RA Tripathi,19,0,0.0,2.0,17,0,0,0.0,2.0
1254082,RR Pant,16,0,1.0,2.0,8,0,0,2.0,6.0
1254082,S Dhawan,48,0,1.0,4.0,48,0,0,26.0,32.0
1254082,SO Hetmyer,0,1,0.0,0.0,1,0,0,0.0,-2.0
1254082,SP Narine,0,1,0.0,0.0,1,0,0,0.0,-2.0
1254082,Shubman Gill,44,0,1.0,3.0,38,0,0,26.0,31.0
1254083,AB de Villiers,3,0,0.0,0.0,9,0,0,0.0,0.0
1254083,CH Gayle,47,0,2.0,6.0,25,0,0,11.0,21.0
1254083,D Sams,3,0,0.0,0.0,4,0,0,0.0,0.0
1254083,DJ Hooda,5,0,0.0,0.0,9,0,0,0.0,0.0
1254083,Devdutt Padikkal,7,0,1.0,0.0,6,0,0,0.0,2.0
1254083,GJ Maxwell,0,1,0.0,0.0,1,0,0,0.0,-2.0
1254083,H Brar,26,0,2.0,1.0,17,0,0,10.0,15.0
1254083,HV Patel,31,0,2.0,3.0,13,0,0,7.0,14.0
1254083,KL Rahul,93,0,5.0,7.0,57,1,0,35.0,60.0
1254083,Kyle Jamieson,18,0,1.0,1.0,11,0,0,8.0,11.0
1254083,M Siraj,0,1,0.0,0.0,1,0,0,0.0,-2.0
1254083,N Pooran,1,0,0.0,0.0,3,0,0,0.0,0.0
1254083,Prabhsimran Singh,7,0,0.0,1.0,7,0,0,0.0,1.0
1254083,Rajat Patidar,37,0,1.0,2.0,32,0,0,23.0,27.0
1254083,S Ahmed,9,0,0.0,1.0,11,0,0,0.0,1.0
1254083,Shahrukh Khan,0,1,0.0,0.0,3,0,0,0.0,-2.0
1254083,V Kohli,37,0,1.0,3.0,34,0,0,19.0,24.0
1254084,AS Raut,4,0,0.0,1.0,4,0,0,0.0,1.0
1254084,AT Rayudu,74,0,6.0,4.0,26,1,0,22.0,46.0
1254084,F du Plessis,50,0,4.0,2.0,28,1,0,18.0,36.0
1254084,HH Pandya,16,0,2.0,0.0,7,0,0,0.0,4.0
1254084,JDS Neesham,0,1,0.0,0.0,1,0,0,0.0,-2.0
1254084,KA Pollard,92,0,8.0,6.0,36,1,0,20.0,50.0
1254084,KH Pandya,32,0,2.0,2.0,23,0,0,12.0,18.0
1254084,MM Ali,60,0,5.0,5.0,36,1,0,10.0,33.0
1254084,Q de Kock,39,0,1.0,4.0,29,0,0,17.0,23.0
1254084,RA Jadeja,28,0,0.0,2.0,25,0,0,0.0,2.0
1254084,RG Sharma,37,0,1.0,4.0,25,0,0,15.0,21.0
1254084,SA Yadav,3,0,0.0,0.0,3,0,0,0.0,0.0
1254084,Suresh Raina,2,0,0.0,0.0,4,0,0,0.0,0.0
1254085,A Samad,12,0,1.0,0.0,9,0,0,0.0,2.0
1254085,DA Miller,7,0,1.0,0.0,3,0,0,0.0,2.0
1254085,JC Buttler,131,0,7.0,11.0,65,1,1,45.0,94.0
1254085,JM Bairstow,30,0,1.0,4.0,21,0,0,8.0,14.0
1254085,KM Jadhav,21,0,1.0,0.0,20,0,0,0.0,2.0
1254085,KS Williamson,21,0,0.0,1.0,22,0,0,0.0,1.0
1254085,M Nabi,17,0,2.0,1.0,5,0,0,1.0,6.0
1254085,MK Pandey,33,0,2.0,3.0,20,0,0,9.0,16.0
1254085,P Kumar,14,0,0.0,2.0,10,0,0,0.0,2.0
1254085,R Parag,15,0,1.0,0.0,8,0,0,0.0,2.0
1254085,Rashid Khan,1,0,0.0,0.0,3,0,0,0.0,0.0
1254085,SV Samson,51,0,2.0,4.0,34,1,0,23.0,39.0
1254085,Sandeep Sharma,8,0,0.0,1.0,6,0,0,0.0,1.0
1254085,V Shankar,8,0,0.0,1.0,8,0,0,0.0,1.0
1254085,Yashasvi Jaiswal,16,0,0.0,3.0,13,0,0,0.0,3.0
1254086,CH Gayle,13,0,1.0,1.0,9,0,0,3.0,6.0
1254086,CJ Jordan,2,0,0.0,0.0,3,0,0,0.0,0.0
1254086,DJ Hooda,1,0,0.0,0.0,1,0,0,0.0,0.0
1254086,Dawid Malan,27,0,1.0,1.0,26,0,0,17.0,20.0
1254086,H Brar,8,0,0.0,1.0,3,0,0,0.0,1.0
1254086,MA Agarwal,99,0,4.0,8.0,58,1,0,43.0,67.0
1254086,PP Shaw,39,0,3.0,3.0,22,0,0,9.0,18.0
1254086,Prabhsimran Singh,12,0,1.0,0.0,16,0,0,0.0,2.0
1254086,RR Pant,14,0,1.0,1.0,11,0,0,4.0,7.0
1254086,S Dhawan,71,0,2.0,6.0,47,1,0,35.0,53.0
1254086,SO Hetmyer,18,0,2.0,1.0,4,0,0,2.0,7.0
1254086,SPD Smith,25,0,0.0,1.0,22,0,0,0.0,1.0
1254086,Shahrukh Khan,4,0,0.0,0.0,5,0,0,0.0,0.0
1254087,AB de Villiers,0,1,0.0,0.0,1,0,0,0.0,-2.0
1254087,Devdutt Padikkal,22,0,0.0,3.0,20,0,0,0.0,3.0
1254087,GJ Maxwell,10,0,0.0,0.0,17,0,0,0.0,0.0
1254087,HV Patel,12,0,0.0,2.0,10,0,0,0.0,2.0
1254087,Kyle Jamieson,5,0,0.0,0.0,12,0,0,0.0,0.0
1254087,M Siraj,8,0,0.0,1.0,10,0,0,0.0,1.0
1254087,Sachin Baby,8,0,0.0,0.0,17,0,0,0.0,0.0
1254087,Shubman Gill,52,0,1.0,6.0,35,1,0,22.0,38.0
1254087,Srikar Bharat,18,0,0.0,1.0,17,0,0,0.0,1.0
1254087,V Kohli,6,0,0.0,1.0,5,0,0,0.0,1.0
1254087,Venkatesh Iyer,42,0,1.0,7.0,27,0,0,8.0,17.0
1254087,Wanindu Hasaranga de Silva,0,1,0.0,0.0,1,0,0,0.0,-2.0
1254087,YS Chahal,3,0,0.0,0.0,6,0,0,0.0,0.0
1254089,AS Raut,103,0,5.0,9.0,61,1,1,37.0,80.0
1254089,AT Rayudu,2,0,0.0,0.0,4,0,0,0.0,0.0
1254089,Evin Lewis,27,0,2.0,2.0,12,0,0,7.0,13.0
1254089,F du Plessis,25,0,1.0,2.0,19,0,0,11.0,15.0
1254089,Glenn Phillips,15,0,1.0,1.0,8,0,0,5.0,8.0
1254089,MM Ali,22,0,1.0,1.0,18,0,0,12.0,15.0
1254089,RA Jadeja,34,0,1.0,4.0,15,0,0,12.0,18.0
1254089,S Dube,69,0,4.0,4.0,43,1,0,29.0,49.0
1254089,SV Samson,29,0,0.0,4.0,24,0,0,0.0,4.0
1254089,Suresh Raina,3,0,0.0,0.0,5,0,0,0.0,0.0
1254089,Yashasvi Jaiswal,50,0,3.0,6.0,21,1,0,8.0,28.0
1254090,AB de Villiers,24,0,2.0,1.0,18,0,0,8.0,13.0
1254090,Aiden Markram,20,0,1.0,2.0,14,0,0,6.0,10.0
1254090,Dan Christian,0,1,0.0,0.0,1,0,0,0.0,-2.0
1254090,Devdutt Padikkal,43,0,2.0,4.0,38,0,0,15.0,23.0
1254090,GJ Maxwell,61,0,4.0,3.0,33,1,0,25.0,44.0
1254090,George Garton,0,1,0.0,0.0,1,0,0,0.0,-2.0
1254090,H Brar,3,0,0.0,0.0,2,0,0,0.0,0.0
1254090,HV Patel,1,0,0.0,0.0,1,0,0,0.0,0.0
1254090,KL Rahul,40,0,2.0,1.0,35,0,0,24.0,29.0
1254090,MA Agarwal,63,0,2.0,6.0,44,1,0,27.0,45.0
1254090,Moises Henriques,12,0,1.0,0.0,9,0,0,0.0,2.0
1254090,N Pooran,3,0,0.0,0.0,7,0,0,0.0,0.0
1254090,S Ahmed,8,0,1.0,0.0,4,0,0,0.0,2.0
1254090,SN Khan,0,1,0.0,0.0,1,0,0,0.0,-2.0
1254090,Shahrukh Khan,17,0,1.0,1.0,11,0,0,7.0,10.0
1254090,V Kohli,27,0,1.0,2.0,25,0,0,13.0,17.0
1254091,A Samad,18,0,1.0,1.0,14,0,0,8.0,11.0
1254091,AS Raut,46,0,2.0,4.0,38,0,0,18.0,26.0
1254091,AT Rayudu,17,0,1.0,1.0,13,0,0,7.0,10.0
1254091,Abhishek Sharma,19,0,1.0,1.0,13,0,0,9.0,12.0
1254091,F du Plessis,41,0,2.0,3.0,36,0,0,17.0,24.0
1254091,JO Holder,5,0,0.0,0.0,5,0,0,0.0,0.0
1254091,Jason Roy,6,0,0.0,1.0,7,0,0,0.0,1.0
1254091,KS Williamson,12,0,0.0,2.0,11,0,0,0.0,2.0
1254091,MM Ali,17,0,0.0,2.0,17,0,0,0.0,2.0
1254091,MS Dhoni,15,0,1.0,1.0,12,0,0,5.0,8.0
1254091,P Garg,8,0,0.0,0.0,11,0,0,0.0,0.0
1254091,P Kumar,2,0,0.0,0.0,2,0,0,0.0,0.0
1254091,Rashid Khan,18,0,0.0,2.0,13,0,0,0.0,2.0
1254091,Suresh Raina,3,0,0.0,0.0,4,0,0,0.0,0.0
1254091,WP Saha,46,0,2.0,1.0,45,0,0,30.0,35.0
1254092,AR Patel,2,0,0.0,0.0,6,0,0,0.0,0.0
1254092,Avesh Khan,5,0,0.0,1.0,3,0,0,0.0,1.0
1254092,EJG Morgan,0,1,0.0,0.0,2,0,0,0.0,-2.0
1254092,K Rabada,0,1,0.0,0.0,1,0,0,0.0,-2.0
1254092,KD Karthik,12,0,0.0,2.0,14,0,0,0.0,2.0
1254092,L Yadav,0,1,0.0,0.0,3,0,0,0.0,-2.0
1254092,N Rana,40,0,2.0,2.0,27,0,0,20.0,26.0
1254092,R Ashwin,10,0,0.0,1.0,8,0,0,0.0,1.0
1254092,RA Tripathi,9,0,1.0,0.0,5,0,0,0.0,2.0
1254092,RR Pant,41,0,0.0,3.0,37,0,0,0.0,3.0
1254092,S Dhawan,24,0,0.0,5.0,20,0,0,0.0,5.0
1254092,SO Hetmyer,4,0,0.0,0.0,5,0,0,0.0,0.0
1254092,SP Narine,21,0,2.0,1.0,10,0,0,5.0,10.0
1254092,SPD Smith,39,0,0.0,4.0,34,0,0,0.0,4.0
1254092,SS Iyer,2,0,0.0,0.0,6,0,0,0.0,0.0
1254092,Shubman Gill,30,0,2.0,1.0,33,0,0,14.0,19.0
1254092,Tim Southee,3,0,0.0,0.0,5,0,0,0.0,0.0
1254092,Venkatesh Iyer,15,0,0.0,2.0,15,0,0,0.0,2.0
1254096,Adam Milne,1,0,0.0,0.0,1,0,0,0.0,0.0
1254096,EJG Morgan,7,0,1.0,0.0,8,0,0,0.0,2.0
1254096,Ishan Kishan,15,0,1.0,0.0,13,0,0,0.0,2.0
1254096,KA Pollard,24,0,1.0,2.0,15,0,0,10.0,14.0
1254096,KH Pandya,12,0,1.0,0.0,9,0,0,0.0,2.0
1254096,N Rana,5,0,0.0,1.0,2,0,0,0.0,1.0
1254096,Q de Kock,57,0,3.0,4.0,42,1,0,23.0,41.0
1254096,RA Tripathi,75,0,3.0,8.0,42,1,0,25.0,47.0
1254096,RG Sharma,35,0,0.0,4.0,31,0,0,0.0,4.0
1254096,SA Yadav,6,0,0.0,0.0,10,0,0,0.0,0.0
1254096,SS Tiwary,5,0,0.0,1.0,2,0,0,0.0,1.0
1254096,Shubman Gill,13,0,1.0,1.0,9,0,0,3.0,6.0
1254096,Venkatesh Iyer,59,0,3.0,4.0,32,1,0,25.0,43.0
1254097,AR Patel,15,0,1.0,0.0,8,0,0,0.0,2.0
1254097,DA Miller,7,0,0.0,0.0,10,0,0,0.0,0.0
1254097,L Yadav,15,0,0.0,1.0,15,0,0,0.0,1.0
1254097,Liam Livingstone,1,0,0.0,0.0,3,0,0,0.0,0.0
1254097,MK Lomror,19,0,1.0,0.0,24,0,0,0.0,2.0
1254097,PP Shaw,10,0,0.0,0.0,12,0,0,0.0,0.0
1254097,R Ashwin,8,0,0.0,0.0,6,0,0,0.0,0.0
1254097,R Parag,2,0,0.0,0.0,7,0,0,0.0,0.0
1254097,R Tewatia,9,0,0.0,0.0,15,0,0,0.0,0.0
1254097,RR Pant,24,0,0.0,2.0,24,0,0,0.0,2.0
1254097,S Dhawan,8,0,0.0,1.0,8,0,0,0.0,1.0
1254097,SO Hetmyer,29,0,0.0,5.0,17,0,0,0.0,5.0
1254097,SS Iyer,45,0,2.0,1.0,32,0,0,29.0,34.0
1254097,SV Samson,76,0,1.0,8.0,55,1,0,38.0,56.0
1254097,Tabraiz Shamsi,2,0,0.0,0.0,4,0,0,0.0,0.0
1254097,Yashasvi Jaiswal,5,0,0.0,0.0,4,0,0,0.0,0.0
1254098,AD Russell,20,0,1.0,2.0,15,0,0,6.0,10.0
1254098,AS Raut,40,0,3.0,2.0,28,0,0,14.0,22.0
1254098,AT Rayudu,11,0,0.0,1.0,10,0,0,0.0,1.0
1254098,DL Chahar,1,0,0.0,0.0,1,0,0,0.0,0.0
1254098,EJG Morgan,8,0,0.0,0.0,14,0,0,0.0,0.0
1254098,F du Plessis,44,0,0.0,7.0,30,0,0,0.0,7.0
1254098,KD Karthik,27,0,1.0,3.0,11,0,0,9.0,14.0
1254098,MM Ali,33,0,1.0,2.0,29,0,0,19.0,23.0
1254098,MS Dhoni,2,0,0.0,0.0,4,0,0,0.0,0.0
1254098,N Rana,41,0,1.0,3.0,29,0,0,23.0,28.0
1254098,RA Jadeja,22,0,2.0,2.0,8,0,0,2.0,8.0
1254098,RA Tripathi,46,0,1.0,4.0,33,0,0,24.0,30.0
1254098,SM Curran,4,0,0.0,0.0,4,0,0,0.0,0.0
1254098,SN Thakur,3,0,0.0,0.0,2,0,0,0.0,0.0
1254098,SP Narine,1,0,0.0,0.0,1,0,0,0.0,0.0
1254098,Shubman Gill,9,0,0.0,2.0,5,0,0,0.0,2.0
1254098,Suresh Raina,12,0,0.0,1.0,7,0,0,0.0,1.0
1254098,Venkatesh Iyer,19,0,0.0,3.0,16,0,0,0.0,3.0
1254099,Aiden Markram,43,0,0.0,6.0,30,0,0,0.0,6.0
1254099,CH Gayle,1,0,0.0,0.0,4,0,0,0.0,0.0
1254099,DJ Hooda,29,0,1.0,1.0,26,0,0,19.0,22.0
1254099,H Brar,16,0,0.0,0.0,19,0,0,0.0,0.0
1254099,HH Pandya,40,0,2.0,4.0,30,0,0,12.0,20.0
1254099,KA Pollard,16,0,1.0,1.0,8,0,0,6.0,9.0
1254099,KL Rahul,22,0,0.0,2.0,23,0,0,0.0,2.0
1254099,Mandeep Singh,16,0,0.0,2.0,14,0,0,0.0,2.0
1254099,N Pooran,2,0,0.0,0.0,3,0,0,0.0,0.0
1254099,Nathan Ellis,6,0,0.0,0.0,4,0,0,0.0,0.0
1254099,Q de Kock,28,0,0.0,2.0,29,0,0,0.0,2.0
1254099,RG Sharma,8,0,0.0,1.0,10,0,0,0.0,1.0
1254099,SA Yadav,0,1,0.0,0.0,1,0,0,0.0,-2.0
1254099,SS Tiwary,45,0,2.0,3.0,37,0,0,21.0,28.0
1254100,Abhishek Sharma,24,0,1.0,1.0,17,0,0,14.0,17.0
1254100,Evin Lewis,6,0,0.0,1.0,4,0,0,0.0,1.0
1254100,Jason Roy,70,0,1.0,10.0,42,1,0,24.0,44.0
1254100,KS Williamson,54,0,1.0,5.0,43,1,0,28.0,43.0
1254100,Liam Livingstone,4,0,0.0,0.0,6,0,0,0.0,0.0
1254100,MK Lomror,31,0,1.0,1.0,29,0,0,21.0,24.0
1254100,P Garg,0,1,0.0,0.0,1,0,0,0.0,-2.0
1254100,R Parag,0,1,0.0,0.0,1,0,0,0.0,-2.0
1254100,R Tewatia,1,0,0.0,0.0,1,0,0,0.0,0.0
1254100,SV Samson,86,0,3.0,7.0,58,1,0,40.0,61.0
1254100,WP Saha,19,0,1.0,2.0,12,0,0,5.0,9.0
1254100,Yashasvi Jaiswal,36,0,1.0,5.0,23,0,0,10.0,17.0
1254102,Aiden Markram,20,0,1.0,0.0,16,0,0,0.0,2.0
1254102,DJ Hooda,3,0,0.0,0.0,4,0,0,0.0,0.0
1254102,EJG Morgan,2,0,0.0,0.0,2,0,0,0.0,0.0
1254102,KD Karthik,12,0,0.0,0.0,11,0,0,0.0,0.0
1254102,KL Rahul,69,0,2.0,4.0,56,1,0,41.0,57.0
1254102,MA Agarwal,42,0,3.0,3.0,27,0,0,12.0,21.0
1254102,N Pooran,12,0,1.0,0.0,7,0,0,0.0,2.0
1254102,N Rana,31,0,2.0,2.0,18,0,0,11.0,17.0
1254102,RA Tripathi,35,0,1.0,3.0,27,0,0,17.0,22.0
1254102,SP Narine,4,0,0.0,0.0,3,0,0,0.0,0.0
1254102,Shahrukh Khan,22,0,2.0,1.0,9,0,0,6.0,11.0
1254102,Shubman Gill,8,0,0.0,1.0,7,0,0,0.0,1.0
1254102,Tim Seifert,5,0,0.0,0.0,5,0,0,0.0,0.0
1254102,Venkatesh Iyer,68,0,1.0,9.0,49,1,0,26.0,45.0
1254103,AB de Villiers,4,0,0.0,1.0,1,0,0,0.0,1.0
1254103,CH Morris,15,0,0.0,2.0,11,0,0,0.0,2.0
1254103,Chetan Sakariya,2,0,0.0,0.0,2,0,0,0.0,0.0
1254103,Devdutt Padikkal,28,0,0.0,4.0,19,0,0,0.0,4.0
1254103,Evin Lewis,59,0,3.0,5.0,38,1,0,21.0,40.0
1254103,GJ Maxwell,52,0,1.0,6.0,31,1,0,22.0,38.0
1254103,K Tyagi,1,0,0.0,0.0,1,0,0,0.0,0.0
1254103,Liam Livingstone,7,0,0.0,0.0,9,0,0,0.0,0.0
1254103,MK Lomror,4,0,0.0,0.0,5,0,0,0.0,0.0
1254103,R Parag,9,0,0.0,0.0,16,0,0,0.0,0.0
1254103,R Tewatia,2,0,0.0,0.0,3,0,0,0.0,0.0
1254103,SV Samson,19,0,2.0,0.0,15,0,0,0.0,4.0
1254103,Srikar Bharat,44,0,1.0,3.0,35,0,0,26.0,31.0
1254103,V Kohli,25,0,0.0,4.0,20,0,0,0.0,4.0
1254103,Yashasvi Jaiswal,31,0,2.0,3.0,22,0,0,7.0,14.0
1254104,A Singh,16,0,1.0,2.0,14,0,0,2.0,6.0
1254104,AS Raut,90,0,4.0,9.0,58,1,0,30.0,55.0
1254104,AT Rayudu,1,0,0.0,0.0,3,0,0,0.0,0.0
1254104,Adam Milne,17,0,1.0,0.0,15,0,0,0.0,2.0
1254104,DJ Bravo,24,0,3.0,0.0,9,0,0,0.0,6.0
1254104,F du Plessis,0,1,0.0,0.0,3,0,0,0.0,-2.0
1254104,Ishan Kishan,11,0,0.0,1.0,10,0,0,0.0,1.0
1254104,JJ Bumrah,1,0,0.0,0.0,2,0,0,0.0,0.0
1254104,KA Pollard,16,0,1.0,1.0,14,0,0,6.0,9.0
1254104,KH Pandya,4,0,0.0,0.0,5,0,0,0.0,0.0
1254104,MM Ali,0,1,0.0,0.0,3,0,0,0.0,-2.0
1254104,MS Dhoni,3,0,0.0,0.0,5,0,0,0.0,0.0
1254104,Q de Kock,17,0,0.0,3.0,12,0,0,0.0,3.0
1254104,RA Jadeja,33,0,0.0,2.0,36,0,0,0.0,2.0
1254104,RD Chahar,0,1,0.0,0.0,1,0,0,0.0,-2.0
1254104,SA Yadav,3,0,0.0,0.0,7,0,0,0.0,0.0
1254104,SN Thakur,1,0,0.0,0.0,1,0,0,0.0,0.0
1254104,SS Tiwary,51,0,0.0,5.0,41,1,0,0.0,13.0
1254104,Suresh Raina,4,0,0.0,1.0,6,0,0,0.0,1.0
1254105,A Samad,28,0,1.0,2.0,21,0,0,14.0,18.0
1254105,DA Warner,0,1,0.0,0.0,3,0,0,0.0,-2.0
1254105,JO Holder,11,0,1.0,0.0,9,0,0,0.0,2.0
1254105,KM Jadhav,3,0,0.0,0.0,8,0,0,0.0,0.0
1254105,KS Williamson,25,0,0.0,2.0,25,0,0,0.0,2.0
1254105,MK Pandey,17,0,0.0,1.0,16,0,0,0.0,1.0
1254105,P Kumar,7,0,0.0,1.0,4,0,0,0.0,1.0
1254105,PP Shaw,11,0,0.0,2.0,8,0,0,0.0,2.0
1254105,RR Pant,37,0,2.0,3.0,21,0,0,13.0,20.0
1254105,Rashid Khan,23,0,1.0,2.0,18,0,0,9.0,13.0
1254105,S Dhawan,42,0,1.0,6.0,37,0,0,12.0,20.0
1254105,SS Iyer,49,0,2.0,2.0,42,0,0,29.0,35.0
1254105,Sandeep Sharma,1,0,0.0,0.0,1,0,0,0.0,0.0
1254105,WP Saha,19,0,1.0,2.0,17,0,0,5.0,9.0
1254107,A Samad,1,0,0.0,0.0,2,0,0,0.0,0.0
1254107,Aiden Markram,29,0,0.0,2.0,32,0,0,0.0,2.0
1254107,CH Gayle,16,0,0.0,1.0,17,0,0,0.0,1.0
1254107,DA Warner,2,0,0.0,0.0,3,0,0,0.0,0.0
1254107,DJ Hooda,13,0,0.0,1.0,10,0,0,0.0,1.0
1254107,H Brar,20,0,0.0,1.0,19,0,0,0.0,1.0
1254107,JO Holder,48,0,5.0,0.0,29,0,0,0.0,10.0
1254107,KL Rahul,21,0,0.0,3.0,21,0,0,0.0,3.0
1254107,KM Jadhav,12,0,0.0,0.0,12,0,0,0.0,0.0
1254107,KS Williamson,1,0,0.0,0.0,6,0,0,0.0,0.0
1254107,MA Agarwal,5,0,0.0,0.0,6,0,0,0.0,0.0
1254107,MK Pandey,13,0,0.0,1.0,23,0,0,0.0,1.0
1254107,N Pooran,8,0,1.0,0.0,4,0,0,0.0,2.0
1254107,Nathan Ellis,13,0,1.0,0.0,12,0,0,0.0,2.0
1254107,P Kumar,4,0,0.0,0.0,4,0,0,0.0,0.0
1254107,Rashid Khan,3,0,0.0,0.0,4,0,0,0.0,0.0
1254107,WP Saha,36,0,0.0,1.0,38,0,0,0.0,1.0
1254108,AB de Villiers,12,0,1.0,1.0,7,0,0,2.0,5.0
1254108,Adam Milne,0,1,0.0,0.0,1,0,0,0.0,-2.0
1254108,Dan Christian,1,0,0.0,0.0,3,0,0,0.0,0.0
1254108,Devdutt Padikkal,0,1,0.0,0.0,4,0,0,0.0,-2.0
1254108,GJ Maxwell,60,0,3.0,6.0,37,1,0,18.0,38.0
1254108,HH Pandya,4,0,0.0,0.0,7,0,0,0.0,0.0
1254108,Ishan Kishan,9,0,0.0,1.0,12,0,0,0.0,1.0
1254108,JJ Bumrah,5,0,0.0,1.0,6,0,0,0.0,1.0
1254108,KA Pollard,7,0,0.0,0.0,10,0,0,0.0,0.0
1254108,KH Pandya,6,0,0.0,0.0,11,0,0,0.0,0.0
1254108,Kyle Jamieson,2,0,0.0,0.0,2,0,0,0.0,0.0
1254108,Q de Kock,25,0,0.0,4.0,23,0,0,0.0,4.0
1254108,RD Chahar,0,1,0.0,0.0,1,0,0,0.0,-2.0
1254108,RG Sharma,46,0,1.0,5.0,27,0,0,20.0,27.0
1254108,S Ahmed,1,0,0.0,0.0,3,0,0,0.0,0.0
1254108,SA Yadav,9,0,0.0,0.0,9,0,0,0.0,0.0
1254108,Srikar Bharat,34,0,2.0,2.0,25,0,0,14.0,20.0
1254108,TA Boult,0,1,0.0,0.0,3,0,0,0.0,-2.0
1254108,V Kohli,55,0,3.0,3.0,43,1,0,25.0,42.0
1254109,A Samad,25,0,3.0,0.0,18,0,0,0.0,6.0
1254109,Abhishek Sharma,6,0,0.0,0.0,10,0,0,0.0,0.0
1254109,EJG Morgan,2,0,0.0,0.0,2,0,0,0.0,0.0
1254109,JO Holder,4,0,0.0,0.0,9,0,0,0.0,0.0
1254109,Jason Roy,11,0,0.0,2.0,12,0,0,0.0,2.0
1254109,KD Karthik,18,0,0.0,3.0,12,0,0,0.0,3.0
1254109,KS Williamson,26,0,0.0,4.0,21,0,0,0.0,4.0
1254109,N Rana,27,0,0.0,3.0,33,0,0,0.0,3.0
1254109,P Garg,21,0,1.0,0.0,31,0,0,0.0,2.0
1254109,P Kumar,7,0,0.0,0.0,7,0,0,0.0,0.0
1254109,RA Tripathi,7,0,0.0,1.0,6,0,0,0.0,1.0
1254109,Rashid Khan,8,0,0.0,1.0,6,0,0,0.0,1.0
1254109,S Kaul,7,0,0.0,1.0,5,0,0,0.0,1.0
1254109,Shubman Gill,57,0,0.0,10.0,51,1,0,0.0,18.0
1254109,Venkatesh Iyer,8,0,0.0,0.0,14,0,0,0.0,0.0
1254109,WP Saha,0,1,0.0,0.0,1,0,0,0.0,-2.0
1254111,Aiden Markram,27,0,1.0,2.0,20,0,0,13.0,17.0
1254111,CH Morris,5,0,0.0,0.0,5,0,0,0.0,0.0
1254111,Chetan Sakariya,7,0,0.0,1.0,6,0,0,0.0,1.0
1254111,DJ Hooda,0,1,0.0,0.0,2,0,0,0.0,-2.0
1254111,Evin Lewis,37,0,1.0,7.0,21,0,0,3.0,12.0
1254111,F Allen,0,1,0.0,0.0,1,0,0,0.0,-2.0
1254111,K Tyagi,2,0,0.0,0.0,3,0,0,0.0,0.0
1254111,KL Rahul,52,0,2.0,4.0,35,1,0,24.0,40.0
1254111,Liam Livingstone,28,0,1.0,2.0,17,0,0,14.0,18.0
1254111,MA Agarwal,72,0,2.0,7.0,43,1,0,32.0,51.0
1254111,MK Lomror,44,0,4.0,2.0,18,0,0,12.0,22.0
1254111,N Pooran,32,0,2.0,1.0,22,0,0,16.0,21.0
1254111,R Parag,4,0,0.0,0.0,5,0,0,0.0,0.0
1254111,R Tewatia,3,0,0.0,0.0,6,0,0,0.0,0.0
1254111,SV Samson,4,0,0.0,0.0,5,0,0,0.0,0.0
1254111,Yashasvi Jaiswal,51,0,2.0,6.0,36,1,0,15.0,33.0
1254112,AR Patel,10,0,0.0,1.0,10,0,0,0.0,1.0
1254112,AS Yadav,11,0,1.0,1.0,4,0,0,1.0,4.0
1254112,HH Pandya,18,0,0.0,2.0,18,0,0,0.0,2.0
1254112,JJ Bumrah,1,0,0.0,0.0,1,0,0,0.0,0.0
1254112,KA Pollard,9,0,0.0,0.0,11,0,0,0.0,0.0
1254112,KH Pandya,13,0,1.0,1.0,15,0,0,3.0,6.0
1254112,NM Coulter-Nile,1,0,0.0,0.0,2,0,0,0.0,0.0
1254112,PP Shaw,6,0,0.0,1.0,7,0,0,0.0,1.0
1254112,Q de Kock,19,0,1.0,1.0,18,0,0,9.0,12.0
1254112,R Ashwin,20,0,1.0,0.0,21,0,0,0.0,2.0
1254112,RG Sharma,8,0,0.0,1.0,10,0,0,0.0,1.0
1254112,RR Pant,27,0,1.0,3.0,22,0,0,9.0,14.0
1254112,S Dhawan,8,0,1.0,0.0,7,0,0,0.0,2.0
1254112,SA Yadav,33,0,2.0,2.0,26,0,0,13.0,19.0
1254112,SO Hetmyer,15,0,0.0,2.0,8,0,0,0.0,2.0
1254112,SPD Smith,9,0,1.0,0.0,8,0,0,0.0,2.0
1254112,SS Iyer,37,0,0.0,2.0,35,0,0,0.0,2.0
1254112,SS Tiwary,16,0,0.0,1.0,19,0,0,0.0,1.0
1254113,AB de Villiers,13,0,1.0,0.0,11,0,0,0.0,2.0
1254113,AS Raut,39,0,1.0,4.0,26,0,0,17.0,23.0
1254113,AT Rayudu,33,0,1.0,3.0,22,0,0,15.0,20.0
1254113,Devdutt Padikkal,73,0,3.0,5.0,51,1,0,35.0,54.0
1254113,F du Plessis,32,0,2.0,2.0,26,0,0,12.0,18.0
1254113,GJ Maxwell,11,0,1.0,0.0,9,0,0,0.0,2.0
1254113,HV Patel,3,0,0.0,0.0,5,0,0,0.0,0.0
1254113,MM Ali,24,0,2.0,0.0,19,0,0,0.0,4.0
1254113,MS Dhoni,11,0,0.0,2.0,9,0,0,0.0,2.0
1254113,Suresh Raina,18,0,1.0,2.0,11,0,0,4.0,8.0
1254113,Tim David,1,0,0.0,0.0,3,0,0,0.0,0.0
1254113,V Kohli,54,0,1.0,6.0,41,1,0,24.0,40.0
1254113,Wanindu Hasaranga de Silva,1,0,0.0,0.0,1,0,0,0.0,0.0
